{"cameraMode":{"drawMode":0,"name":"Shaded","section":"Shading Mode"},"sceneLighting":true,"audioPlay":false,"sceneViewState":{"m_AlwaysRefresh":false,"showFog":true,"showSkybox":true,"showFlares":true,"showImageEffects":true,"showParticleSystems":true,"showVisualEffectGraphs":true,"m_FxEnabled":true},"in2DMode":false,"pivot":{"x":33.956085205078128,"y":4.048486709594727,"z":0.38475269079208376},"rotation":{"x":0.2087283730506897,"y":0.05395358428359032,"z":-0.011532585136592389,"w":0.9764242768287659},"size":1.047580599784851,"orthographic":false}