{"cameraMode":{"drawMode":0,"name":"Shaded","section":"Shading Mode"},"sceneLighting":true,"audioPlay":false,"sceneViewState":{"m_AlwaysRefresh":false,"showFog":true,"showSkybox":true,"showFlares":true,"showImageEffects":true,"showParticleSystems":true,"showVisualEffectGraphs":true,"m_FxEnabled":true},"in2DMode":false,"pivot":{"x":23.188608169555665,"y":1.0093249082565308,"z":-19.872699737548829},"rotation":{"x":0.003949674777686596,"y":-0.8618263006210327,"z":0.5071585178375244,"w":0.00672081159427762},"size":14.435620307922364,"orthographic":false}