{"cameraMode":{"drawMode":0,"name":"Shaded","section":"Shading Mode"},"sceneLighting":true,"audioPlay":false,"sceneViewState":{"m_AlwaysRefresh":false,"showFog":true,"showSkybox":true,"showFlares":true,"showImageEffects":true,"showParticleSystems":true,"showVisualEffectGraphs":true,"m_FxEnabled":true},"in2DMode":false,"pivot":{"x":28.681657791137697,"y":-7.870659828186035,"z":-17.341894149780275},"rotation":{"x":-0.030028285458683969,"y":0.9693673253059387,"z":-0.18934156000614167,"w":-0.15365219116210938},"size":14.231612205505371,"orthographic":false}