{"cameraMode":{"drawMode":0,"name":"Shaded","section":"Shading Mode"},"sceneLighting":true,"audioPlay":false,"sceneViewState":{"m_AlwaysRefresh":false,"showFog":true,"showSkybox":true,"showFlares":true,"showImageEffects":true,"showParticleSystems":true,"showVisualEffectGraphs":true,"m_FxEnabled":true},"in2DMode":false,"pivot":{"x":23.188608169555665,"y":1.0093249082565308,"z":-19.872699737548829},"rotation":{"x":-0.012178751640021801,"y":-0.9016558527946472,"z":0.4315502643585205,"w":-0.025435665622353555},"size":12.551533699035645,"orthographic":false}